library,time
requests,7.476824874989688
requests_session,3.419630833901465
urllib,2.195129874860868
urllib3,1.3320217919535935
pycurl,0.5445605830755085
pycurl_nossl,0.5457973328884691
cycletls,0.8011335001792759
